threads,arch,transaction,samples,error_pct,mean_ms,p50_ms,p95_ms,p99_ms,max_ms,throughput_rps
50,mono,TOTAL,58435,0.0000,94.25,91.00,99.00,178.00,1201.00,486.19
50,mono,POST,17532,0.0000,98.94,96.00,103.00,190.67,646.00,146.38
50,mono,GET,40903,0.0000,92.24,90.00,94.00,175.00,1201.00,340.32
50,cqrs,TOTAL,56589,0.0000,97.32,90.00,106.00,181.00,782.00,471.26
50,cqrs,POST,16979,0.0000,111.61,102.00,157.00,231.00,782.00,141.66
50,cqrs,GET,39610,0.0000,91.20,88.00,93.00,160.92,277.00,330.14
100,mono,TOTAL,114185,0.0000,96.43,92.00,108.00,173.00,1441.00,951.54
100,mono,POST,34261,0.0000,102.29,98.00,118.00,189.00,1441.00,285.75
100,mono,GET,79924,0.0000,93.92,90.00,100.00,171.00,1376.00,666.03
100,cqrs,TOTAL,118213,0.0000,93.16,90.00,101.00,168.00,1233.00,984.44
100,cqrs,POST,35469,0.0000,101.69,97.00,107.00,242.00,868.00,295.65
100,cqrs,GET,82744,0.0000,89.51,88.00,92.00,168.00,1233.00,689.19
200,mono,TOTAL,194829,0.0000,113.02,109.00,211.95,640.96,1885.00,1622.84
200,mono,POST,58454,0.0000,121.55,112.00,175.00,296.00,1841.00,486.99
200,mono,GET,136375,0.0000,109.37,99.00,183.00,465.99,1885.00,1135.95
200,cqrs,TOTAL,200369,0.0000,109.92,91.00,228.00,274.00,2049.00,1669.03
200,cqrs,POST,60120,0.0000,153.24,136.00,278.00,664.00,2049.00,500.79
200,cqrs,GET,140249,0.0000,91.35,89.00,96.00,169.99,1201.00,1168.26
350,mono,TOTAL,220273,0.0000,175.12,153.00,355.95,571.99,3003.00,1834.03
350,mono,POST,66090,0.0000,185.34,163.00,389.00,719.99,3003.00,550.28
350,mono,GET,154183,0.0000,170.74,151.00,346.00,551.99,2637.00,1283.82
350,cqrs,TOTAL,218867,0.0000,176.42,91.00,512.00,823.99,4368.00,1817.65
350,cqrs,POST,65686,0.0000,373.98,350.00,857.00,1331.00,4368.00,545.51
350,cqrs,GET,153181,0.0000,91.70,89.00,98.00,139.98,1269.00,1275.79
500,mono,TOTAL,227403,0.0000,243.89,209.00,698.00,1402.98,3009.00,1875.09
500,mono,POST,68236,0.0000,258.38,219.00,592.00,974.96,2887.00,562.66
500,mono,GET,159167,0.0000,237.68,189.00,616.00,1208.97,3009.00,1312.86
500,cqrs,TOTAL,212646,0.0000,260.00,91.00,1091.00,1686.00,5898.00,1758.16
500,cqrs,POST,63838,0.0000,652.66,557.00,1651.95,2453.93,5898.00,527.81
500,cqrs,GET,148808,0.0000,91.55,89.00,107.00,180.00,496.00,1238.74
